"Movies", "The Discovery"
"Movies", "Super Mario"
"Movies", "Logan"
"Movies", "Whisper of the Heart"
"Movies", "James Bond: No Time To Die"
"Movies", "The Last Duel"
"Movies", "Antman"
"Movies", "Antman and Wasp"
"Movies", "Antman Quantammania"
"Movies", "Breakfast Club"
"Movies", "Wedding Crashers"
"Movies", "Liberal Arts"
"Movies", ""Happythankyoumoreplease
"Movies", "Lego Movie Pt 2"
"Movies", "Gone Girl"
"Movies", "Sausagefest"
"Movies", "Death of Stalin"
"Movies", "Last Light"
"Movies", "Deliver Us To The Devil"
"Movies", "Submarine (2010)"
"Movies", "Bullet Train"
"Movies", "American Psycho"
"Movies", "Prisoners"
"Movies", "Carrie"
"Movies", "Departed"
"Movies", "Goodfellas"
"Movies", "her"
"Movies", "Jojo, Rabbit"
"Movies", "I, Origin"
"Movies", "The Man from Toronto"
"Movies", "In The Shadow of the Moon"
"Movies", "Sisu"
"Movies", "Anatomy of A Fall"
"Movies", "Detective Pikachu"
"Movies", "Sonic"
"Movies", "Coherence"
"Movies", "One Child Room"
"Movies", "Split"
"Movies", "Glass"
"Movies", "Arrival"
"Movies", "Blade Runner"
"Movies", "Bullet Train"
"Movies", "Flag Means Orange"
"Movies", "Snow Piercer"
"Movies", "Predestination"
"Horror", "Kill List"
"Horror", "Time Trap"
"Horror", "Cabin in the Woods"
"Horror", "It"
"Horror", "It Pt 2"
"Horror", "The Lighthouse"
"Horror", "Malignant"
"Horror", "Malevelont"
"Horror", "Mouth of Madnes"
"Horror", "Slither"
"Horror", "Nope"
"Horror", "Creep 2"
"Horror", "Annabelle"
"Horror", "The Void"
"Horror", "Black Mountainside"
"Horror", "The Mist"
"Horror", "The Shining"
"Horror", "Beau is Afraid"
"TV Shows", ""
"TV Shows", ""
"TV Shows", ""
"TV Shows", ""
"TV Shows", ""
"TV Shows", ""
"TV Shows", ""
"TV Shows", ""




